P_launch_dBm,Modulation,Data_Aided,CPR,BER,SER,SNR,EVM,Qfactor,Trial:
-14,16,False,bps,0.0020166666666666666,0.008,16.99755539282878,0.01986470519308252,4.587198510300505,0
-12,16,False,bps,0.0014472222222222221,0.005744444444444444,17.544509041418937,0.017533227173721713,4.74031334219121,0
-10,16,False,bps,0.0011694444444444445,0.004644444444444444,17.92385105022326,0.016084361019372675,4.833649623538112,0
-8,16,False,bps,0.0010333333333333334,0.0041,18.185092661364564,0.015158888954560612,4.886185087423248,0
-6,16,False,bps,0.0009444444444444445,0.0037555555555555554,18.357901532805748,0.014577110146172257,4.92364764336694,0
-4,16,False,bps,0.0008916666666666667,0.0035444444444444442,18.467992961530403,0.014219109168486689,4.947287107571162,0
-2,16,False,bps,0.0008583333333333333,0.0034222222222222223,18.5345775482253,0.014006425328765575,4.962818905069328,0
0,16,False,bps,0.000875,0.003477777777777778,18.559629729078324,0.013927153759511873,4.954991941981471,0
2,16,False,bps,0.0008666666666666666,0.0034444444444444444,18.52543408641965,0.01403535616346777,4.958889885106876,0
4,16,False,bps,0.0009194444444444444,0.0036555555555555556,18.380550919266724,0.014505575576984859,4.934705772121462,0
6,16,False,bps,0.001225,0.004877777777777778,17.978788611056416,0.01589302686887318,4.813636925133831,0
8,16,False,bps,0.0025194444444444444,0.010044444444444444,17.039097542101185,0.019689252688934532,4.478611888455914,0
-14,16,False,bps,0.0019055555555555555,0.007511111111111111,16.991465993835217,0.019892057565753466,4.614065612586392,1
-12,16,False,bps,0.0014472222222222221,0.0057,17.540763898679387,0.01754669434144971,4.74031334219121,1
-10,16,False,bps,0.0011777777777777778,0.004622222222222222,17.927558749151633,0.01606868205475219,4.83059890622712,1
-8,16,False,bps,0.0010583333333333334,0.004166666666666667,18.189478636753215,0.01514195480736339,4.8761269955467705,1
-6,16,False,bps,0.0009777777777777777,0.0038555555555555556,18.35446165577767,0.014587003723979901,4.909272405350346,1
-4,16,False,bps,0.0009083333333333334,0.003588888888888889,18.465863988013346,0.01422419436725138,4.9397001891415835,1
-2,16,False,bps,0.0008861111111111111,0.003511111111111111,18.53031404426228,0.014018524149652004,4.949842080578769,1
0,16,False,bps,0.0008416666666666667,0.0033333333333333335,18.558456462125648,0.013929847317359578,4.970772446244453,1
2,16,False,bps,0.0008583333333333333,0.0034,18.524922549757076,0.014036467584941837,4.962818905069328,1
4,16,False,bps,0.0009166666666666666,0.0036333333333333335,18.386860119631265,0.01448396735242531,4.935949692538907,1
6,16,False,bps,0.001161111111111111,0.004588888888888889,17.98633228475355,0.01586523845916531,4.836718150825022,1
8,16,False,bps,0.002458333333333333,0.009788888888888889,17.048101062619033,0.019648525455557796,4.490838001423472,1
-14,16,False,bps,0.0018777777777777777,0.0074333333333333335,17.035039218247217,0.01969495523419054,4.620977596612111,2
-12,16,False,bps,0.001375,0.005433333333333333,17.577912581653415,0.017399582945909674,4.763074294748231,2
-10,16,False,bps,0.0011666666666666668,0.004633333333333333,17.952552523636435,0.015978761736558,4.834670475432745,2
-8,16,False,bps,0.0010166666666666666,0.004044444444444444,18.206856042069223,0.015083629596602683,4.893001988590704,2
-6,16,False,bps,0.0009583333333333333,0.003822222222222222,18.377372073149466,0.014512401420335863,4.9176080129079915,2
-4,16,False,bps,0.000925,0.0036888888888888887,18.485089715947474,0.01416297637531126,4.932227194013779,2
-2,16,False,bps,0.0008972222222222222,0.0035666666666666668,18.5474320959626,0.013965138679701486,4.944745234529895,2
0,16,False,bps,0.0008694444444444445,0.0034555555555555555,18.569181765333493,0.013896762291509842,4.957587145139677,2
2,16,False,bps,0.0008805555555555555,0.0035,18.5359119571188,0.014002488651748184,4.952410306729801,2
4,16,False,bps,0.0009472222222222222,0.003766666666666667,18.39350845147587,0.01446251630278202,4.92243389528595,2
6,16,False,bps,0.0012333333333333332,0.004911111111111111,17.98583870316202,0.0158684171844332,4.810699202941428,2
8,16,False,bps,0.002525,0.010066666666666666,17.043588747378756,0.01966981612585631,4.477512074833959,2
-14,16,False,bps,0.0019527777777777777,0.007677777777777778,16.993796170304744,0.019881474125108725,4.6024980606841845,3
-12,16,False,bps,0.001425,0.005633333333333333,17.541609574324738,0.017543194332319288,4.747216710809154,3
-10,16,False,bps,0.0011805555555555556,0.004666666666666667,17.91806418208628,0.016103755968105905,4.829585917805043,3
-8,16,False,bps,0.0010305555555555556,0.004077777777777777,18.17952762512045,0.015176462060785633,4.88731493957782,3
-6,16,False,bps,0.0009861111111111112,0.0039,18.35235454607273,0.01459435439978335,4.905741685378492,3
-4,16,False,bps,0.0009277777777777778,0.0036888888888888887,18.459845844757822,0.014244410140739513,4.930992501867964,3
-2,16,False,bps,0.0008916666666666667,0.0035555555555555557,18.531543201154243,0.014015278325169345,4.947287107571162,3
0,16,False,bps,0.0008527777777777778,0.0034,18.556467904076634,0.013936374421361893,4.96545579434372,3
2,16,False,bps,0.00085,0.0033888888888888888,18.52653662873936,0.014031317039433753,4.966779565572226,3
4,16,False,bps,0.0009166666666666666,0.0036555555555555556,18.38245906158499,0.014498639394686876,4.935949692538907,3
6,16,False,bps,0.0011888888888888889,0.004733333333333333,17.97937834248603,0.01589089692909746,4.826558585346681,3
8,16,False,bps,0.002525,0.010055555555555555,17.039692734113185,0.01968643629901993,4.477512074833959,3
-14,16,False,bps,0.0019333333333333333,0.007688888888888889,16.979032237215645,0.019948828844851167,4.607233783874057,4
-12,16,False,bps,0.0015027777777777778,0.005966666666666667,17.52567868876557,0.017607704012303937,4.723423054001291,4
-10,16,False,bps,0.001213888888888889,0.004844444444444445,17.909202111143824,0.01613689031576293,4.817579342878423,4
-8,16,False,bps,0.0010916666666666666,0.004344444444444444,18.163478231298523,0.015232500005561764,4.863014947602817,4
-6,16,False,bps,0.000975,0.0038666666666666667,18.345826706498723,0.014616422885165794,4.910454810904966,4
-4,16,False,bps,0.0009333333333333333,0.003711111111111111,18.452421816399397,0.014268361022055557,4.928532226359376,4
-2,16,False,bps,0.0008944444444444445,0.0035555555555555557,18.521836843311334,0.01404592814933001,4.946014543021537,4
0,16,False,bps,0.0008611111111111111,0.0034222222222222223,18.55198556915273,0.013950213566105056,4.961505744292058,4
2,16,False,bps,0.0008666666666666666,0.0034444444444444444,18.51848250476216,0.014057169031324514,4.958889885106876,4
4,16,False,bps,0.000925,0.0036777777777777776,18.376033669439302,0.014519556695120136,4.932227194013779,4
6,16,False,bps,0.001225,0.004888888888888889,17.9828708541007,0.01587800269438464,4.813636925133831,4
8,16,False,bps,0.002588888888888889,0.010311111111111111,17.03613915767869,0.01970283591377669,4.464999425722375,4
